"0.5","49.000",
"1.0","49.000",
"1.5","47.000",
"2.0","46.000",
"2.5","47.000",
"3.0","45.000",
"3.5","45.000",
"4.0","44.000",
"4.5","46.000",
"5.0","46.000",
"5.5","45.000",
"6.0","46.000",
"6.5","45.000",
"7.0","44.000",
"7.5","44.000",
"8.0","45.000",
"8.5","43.000",
"9.0","44.000",
"9.5","44.000",
"10.0","45.000",
"10.5","44.000",
"11.0","44.000",
"11.5","44.000",
"12.0","44.000",
"12.5","45.000",
"13.0","44.000",
"13.5","44.000",
"14.0","44.000",
"14.5","44.000",
"15.0","44.000",
"15.5","43.000",
"16.0","45.000",
"16.5","45.000",
"17.0","44.000",
"17.5","43.000",
"18.0","44.000",
"18.5","43.000",
"19.0","44.000",
"19.5","43.000",
"20.0","44.000",
"20.5","43.000",
"21.0","44.000",
"21.5","43.000",
"22.0","44.000",
"22.5","43.000",
"23.0","43.000",
"23.5","45.000",
"24.0","44.000",
"24.5","43.000",
"25.0","43.000",
"25.5","43.000",
"26.0","43.000",
"26.5","43.000",
"27.0","43.000",
"27.5","43.000",
"28.0","43.000",
"28.5","43.000",
"29.0","43.000",
"29.5","43.000",
"30.0","43.000",
"30.5","43.000",
"31.0","44.000",
"31.5","42.000",
"32.0","43.000",
"32.5","42.000",
"33.5","42.000",
"34.0","43.000",
"34.5","42.000",
"35.0","42.000",
"35.5","42.000",
"36.0","42.000",
"36.5","42.000",
"37.0","43.000",
"37.5","42.000",
"38.0","42.000",
"38.5","42.000",
"39.0","42.000",
"39.5","42.000",
"40.0","42.000",
"40.5","42.000",
"41.0","42.000",
"41.5","42.000",
"42.0","42.000",
"42.5","42.000",
"43.0","42.000",
"43.5","42.000",
"44.0","42.000",
"44.5","42.000",
"45.0","42.000",
"45.5","42.000",
"46.0","42.000",
"46.5","43.000",
"47.0","42.000",
"47.5","43.000",
"48.0","42.000",
"48.5","43.000",
"49.0","42.000",
"49.5","42.000",
"50.0","41.000",
"50.5","43.000",
"51.0","43.000",
"51.5","42.000",
"52.0","43.000",
"52.5","42.000",
"53.0","42.000",
"53.5","41.000",
"54.0","42.000",
"54.5","42.000",
"55.0","41.000",
"55.5","41.000",
"56.0","41.000",
"56.5","42.000",
"57.0","41.000",
"57.5","41.000",
"58.0","41.000",
"58.5","42.000",
"59.0","41.000",
"59.5","41.000",
"60.0","41.000",
"60.5","42.000",
"61.0","40.000",
"61.5","41.000",
"62.0","41.000",
"62.5","41.000",
"63.0","41.000",
"63.5","41.000",
"64.0","41.000",
"64.5","41.000",
"65.0","42.000",
"65.5","41.000",
"66.0","41.000",
"66.5","40.000",
"67.0","40.000",
"67.5","40.000",
"68.0","41.000",
"68.5","41.000",
"69.0","40.000",
"69.5","41.000",
"70.0","41.000",
"70.5","40.000",
"71.0","41.000",
"71.5","42.000",
"72.0","42.000",
"72.5","40.000",
"73.0","42.000",
"73.5","40.000",
"74.0","41.000",
"74.5","41.000",
"75.0","41.000",
"75.5","40.000",
"76.0","41.000",
"76.5","40.000",
"77.0","41.000",
"77.5","41.000",
"78.0","40.000",
"78.5","40.000",
"79.5","40.000",
"80.0","38.000",
"80.5","39.000",
"81.0","41.000",
"81.5","41.000",
"82.0","40.000",
"82.5","40.000",
"83.0","40.000",
"83.5","39.000",
"84.0","40.000",
"84.5","40.000",
"85.0","39.000",
"85.5","41.000",
"86.0","39.000",
"86.5","40.000",
"87.0","40.000",
"87.5","40.000",
"88.0","39.000",
"88.5","38.000",
"89.0","39.000",
"89.5","40.000",
"90.0","38.000",
"90.5","39.000",
"91.0","40.000",
"91.5","40.000",
"92.0","41.000",
"92.5","40.000",
"93.0","41.000",
"93.5","40.000",
"94.0","40.000",
"94.5","39.000",
"95.0","40.000",
"95.5","39.000",
"96.0","40.000",
"96.5","40.000",
"97.0","40.000",
"97.5","40.000",
"98.0","39.000",
"98.5","40.000",
"99.0","41.000",
"99.5","40.000",
"100.0","39.000",
"100.5","39.000",
"101.0","40.000",
"101.5","39.000",
"102.0","39.000",
"102.5","40.000",
"103.0","40.000",
"103.5","39.000",
"104.0","39.000",
"105.0","40.000",
"105.5","39.000",
"106.0","39.000",
"106.5","39.000",
"107.0","39.000",
"107.5","38.000",
"108.0","39.000",
"108.5","39.000",
"109.0","39.000",
"109.5","40.000",
"110.0","39.000",
"110.5","39.000",
"111.0","39.000",
"111.5","38.000",
"112.0","39.000",
"112.5","38.000",
"113.0","40.000",
"113.5","39.000",
"114.0","40.000",
"114.5","40.000",
"115.0","39.000",
"115.5","39.000",
"116.0","39.000",
"116.5","39.000",
"117.0","39.000",
"117.5","39.000",
"118.0","38.000",
"118.5","38.000",
"119.0","40.000",
"119.5","39.000",
"120.0","39.000",
"120.5","39.000",
"121.0","39.000",
"121.5","40.000",
"122.0","39.000",
"122.5","38.000",
"123.0","38.000",
"123.5","39.000",
"124.0","38.000",
"124.5","38.000",
"125.5","38.000",
"126.0","39.000",
"126.5","38.000",
"127.0","38.000",
"127.5","40.000",
"128.0","39.000",
"128.5","39.000",
"129.0","38.000",
"129.5","38.000",
"130.0","38.000",
"130.5","39.000",
"131.0","39.000",
"131.5","38.000",
"132.0","38.000",
"132.5","39.000",
"133.0","39.000",
"133.5","39.000",
"134.0","39.000",
"134.5","38.000",
"135.0","38.000",
"135.5","39.000",
"136.0","39.000",
"136.5","39.000",
"137.0","38.000",
"137.5","38.000",
"138.0","38.000",
"138.5","39.000",
"139.0","38.000",
"139.5","38.000",
"140.0","39.000",
"140.5","37.000",
"141.0","38.000",
"141.5","38.000",
"142.0","38.000",
"142.5","37.000",
"143.0","38.000",
"143.5","39.000",
"144.0","38.000",
"144.5","38.000",
"145.0","38.000",
"145.5","37.000",
"146.0","38.000",
"146.5","39.000",
"147.0","38.000",
"147.5","38.000",
"148.0","37.000",
"148.5","37.000",
"149.0","38.000",
"149.5","38.000",
"150.0","37.000",
"150.5","37.000",
"151.0","37.000",
"151.5","39.000",
"152.0","39.000",
"152.5","38.000",
"153.0","38.000",
"153.5","38.000",
"154.0","37.000",
"154.5","38.000",
"155.0","38.000",
"155.5","38.000",
"156.0","37.000",
"156.5","38.000",
"157.0","38.000",
"157.5","38.000",
"158.0","38.000",
"158.5","37.000",
"159.0","38.000",
"159.5","37.000",
"160.0","37.000",
"160.5","38.000",
"161.0","36.000",
"161.5","37.000",
"162.0","38.000",
"162.5","37.000",
"163.0","38.000",
"163.5","37.000",
"164.0","37.000",
"164.5","37.000",
"165.0","38.000",
"165.5","37.000",
"166.5","37.000",
"167.0","37.000",
"167.5","36.000",
"168.0","38.000",
"168.5","37.000",
"169.0","37.000",
"169.5","37.000",
"170.0","37.000",
"170.5","37.000",
"171.0","37.000",
"171.5","38.000",
"172.0","37.000",
"172.5","37.000",
"173.0","38.000",
"173.5","38.000",
"174.0","37.000",
"174.5","37.000",
"175.0","37.000",
"175.5","37.000",
"176.0","37.000",
"176.5","38.000",
"177.0","37.000",
"177.5","37.000",
"178.0","37.000",
"178.5","37.000",
"179.0","37.000",
"179.5","37.000",
"180.0","37.000",
"180.5","37.000",
"181.0","36.000",
"181.5","38.000",
"182.0","38.000",
"182.5","37.000",
"183.0","38.000",
"183.5","37.000",
"184.0","37.000",
"184.5","36.000",
"185.0","36.000",
"185.5","36.000",
"186.0","37.000",
"187.0","38.000",
"187.5","37.000",
"188.0","37.000",
"188.5","36.000",
"189.0","37.000",
"189.5","37.000",
"190.0","36.000",
"190.5","36.000",
"191.0","37.000",
"191.5","38.000",
"192.0","37.000",
"192.5","38.000",
"193.0","37.000",
"193.5","38.000",
"194.0","37.000",
"194.5","37.000",
"195.0","37.000",
"195.5","36.000",
"196.0","36.000",
"196.5","38.000",
"197.0","37.000",
"197.5","37.000",
"198.0","37.000",
"198.5","37.000",
"199.0","38.000",
"199.5","37.000",
"200.0","38.000",
"200.5","36.000",
"201.0","36.000",
"201.5","37.000",
"202.0","37.000",
"202.5","38.000",
"203.0","38.000",
"203.5","37.000",
"204.0","37.000",
"204.5","37.000",
"205.0","38.000",
"205.5","37.000",
"206.0","37.000",
"206.5","37.000",
"207.0","37.000",
"207.5","37.000",
"208.0","37.000",
"208.5","36.000",
"209.0","37.000",
"209.5","37.000",
"210.0","36.000",
"210.5","37.000",
"211.0","38.000",
"211.5","36.000",
"212.0","36.000",
"212.5","36.000",
"213.0","37.000",
"213.5","37.000",
"214.0","37.000",
"214.5","37.000",
"215.0","36.000",
"215.5","36.000",
"216.0","36.000",
"216.5","37.000",
"217.0","35.000",
"217.5","36.000",
"218.0","35.000",
"218.5","37.000",
"219.0","36.000",
"219.5","37.000",
"220.0","36.000",
"220.5","37.000",
"221.0","35.000",
"221.5","35.000",
"222.0","35.000",
"222.5","36.000",
"223.0","37.000",
"223.5","36.000",
"224.0","36.000",
"224.5","36.000",
"225.0","37.000",
"225.5","36.000",
"226.0","36.000",
"226.5","36.000",
"227.0","36.000",
"227.5","35.000",
"228.0","36.000",
"228.5","36.000",
"229.0","36.000",
"229.5","35.000",
"230.0","36.000",
"230.5","35.000",
"231.0","36.000",
"231.5","36.000",
"232.0","36.000",
"232.5","37.000",
"233.0","36.000",
"233.5","37.000",
"234.0","36.000",
"234.5","36.000",
"235.0","36.000",
"235.5","35.000",
"236.0","36.000",
"236.5","36.000",
"237.0","35.000",
"237.5","36.000",
"238.0","36.000",
"238.5","36.000",
"239.0","36.000",
"239.5","36.000",
"240.0","35.000",
"240.5","35.000",
"241.0","36.000",
"241.5","36.000",
"242.0","36.000",
"242.5","35.000",
"243.0","36.000",
"243.5","36.000",
"244.0","35.000",
"244.5","35.000",
"245.0","37.000",
"245.5","35.000",
"246.0","36.000",
"246.5","37.000",
"247.0","36.000",
"247.5","35.000",
"248.5","37.000",
"249.0","37.000",
"249.5","35.000",
"250.0","35.000",
"250.5","35.000",
"251.0","35.000",
"251.5","35.000",
"252.0","36.000",
"252.5","36.000",
"253.0","36.000",
"253.5","36.000",
"254.0","36.000",
"254.5","36.000",
"255.0","36.000",
"255.5","36.000",
"256.0","35.000",
"256.5","36.000",
"257.0","36.000",
"257.5","36.000",
"258.0","37.000",
"258.5","36.000",
"259.0","36.000",
"259.5","35.000",
"260.0","36.000",
"260.5","36.000",
"261.0","35.000",
"261.5","36.000",
"262.0","36.000",
"262.5","36.000",
"263.0","35.000",
"263.5","36.000",
"264.0","36.000",
"264.5","35.000",
"265.0","35.000",
"265.5","35.000",
"266.0","36.000",
"266.5","35.000",
"267.0","36.000",
"267.5","36.000",
"268.0","36.000",
"268.5","35.000",
"269.0","36.000",
"269.5","36.000",
"270.0","36.000",
"270.5","36.000",
"271.0","35.000",
"271.5","35.000",
"272.0","35.000",
"272.5","35.000",
"273.0","36.000",
"273.5","36.000",
"274.0","35.000",
"274.5","36.000",
"275.0","36.000",
"275.5","36.000",
"276.0","35.000",
"276.5","35.000",
"277.0","36.000",
"277.5","35.000",
"278.0","35.000",
"278.5","36.000",
"279.0","36.000",
"279.5","35.000",
"280.0","36.000",
"280.5","35.000",
"281.0","36.000",
"281.5","36.000",
"282.0","35.000",
"282.5","36.000",
"283.0","35.000",
"283.5","36.000",
"284.0","36.000",
"284.5","35.000",
"285.0","35.000",
"285.5","36.000",
"286.0","36.000",
"286.5","36.000",
"287.0","35.000",
"287.5","36.000",
"288.0","36.000",
"288.5","35.000",
"289.5","38.000",
"290.0","35.000",
"290.5","36.000",
"291.0","36.000",
"291.5","35.000",
"292.0","35.000",
"292.5","35.000",
"293.0","35.000",
"293.5","36.000",
"294.0","36.000",
"294.5","36.000",
"295.0","36.000",
"295.5","36.000",
"296.0","35.000",
"296.5","36.000",
"297.0","37.000",
"297.5","35.000",
"298.0","36.000",
"298.5","36.000",
"299.0","36.000",
"299.5","35.000",
"300.0","35.000",
"300.5","35.000",
"301.0","36.000",
"301.5","35.000",
"302.0","37.000",
"302.5","36.000",
"303.0","36.000",
"303.5","35.000",
"304.0","35.000",
"304.5","34.000",
"305.0","35.000",
"305.5","37.000",
"306.0","35.000",
"306.5","35.000",
"307.0","36.000",
"307.5","35.000",
"308.0","36.000",
"308.5","36.000",
"309.0","35.000",
"310.0","35.000",
"310.5","34.000",
"311.0","34.000",
"311.5","35.000",
"312.0","35.000",
"312.5","35.000",
"313.0","35.000",
"313.5","35.000",
"314.0","36.000",
"314.5","35.000",
"315.0","34.000",
"315.5","35.000",
"316.0","34.000",
"316.5","35.000",
"317.0","35.000",
"317.5","36.000",
"318.0","34.000",
"318.5","35.000",
"319.0","35.000",
"319.5","35.000",
"320.0","35.000",
"320.5","35.000",
"321.0","35.000",
"321.5","35.000",
"322.0","35.000",
"322.5","35.000",
"323.0","36.000",
"323.5","35.000",
"324.0","35.000",
"324.5","34.000",
"325.0","35.000",
"325.5","35.000",
"326.0","35.000",
"326.5","35.000",
"327.0","35.000",
"327.5","35.000",
"328.0","35.000",
"328.5","36.000",
"329.0","36.000",
"329.5","35.000",
"330.0","36.000",
"330.5","34.000",
"331.0","35.000",
"331.5","36.000",
"332.0","34.000",
"332.5","35.000",
"333.0","35.000",
"333.5","35.000",
"334.0","35.000",
"334.5","36.000",
"335.0","35.000",
"335.5","35.000",
"336.0","34.000",
"336.5","35.000",
"337.0","35.000",
"337.5","35.000",
"338.0","34.000",
"338.5","35.000",
"339.0","34.000",
"339.5","36.000",
"340.0","35.000",
"340.5","36.000",
"341.0","36.000",
"341.5","35.000",
"342.0","35.000",
"342.5","34.000",
"343.0","35.000",
"343.5","34.000",
"344.0","34.000",
"344.5","34.000",
"345.0","35.000",
"345.5","35.000",
"346.0","35.000",
"346.5","35.000",
"347.0","35.000",
"347.5","36.000",
"348.0","34.000",
"348.5","35.000",
"349.0","34.000",
"349.5","35.000",
"350.0","35.000",
"350.5","36.000",
"351.0","35.000",
"351.5","35.000",
"352.0","35.000",
"352.5","35.000",
"353.0","35.000",
"353.5","35.000",
"354.0","35.000",
"354.5","34.000",
"355.0","35.000",
"355.5","35.000",
"356.0","35.000",
"356.5","35.000",
"357.0","34.000",
"357.5","36.000",
"358.0","35.000",
"358.5","35.000",
"359.0","34.000",
"359.5","36.000",
"360.0","35.000",
"360.5","35.000",
"361.0","34.000",
"361.5","35.000",
"362.0","35.000",
"362.5","34.000",
"363.0","34.000",
"363.5","36.000",
"364.0","34.000",
"364.5","35.000",
"365.0","35.000",
"365.5","35.000",
"366.0","36.000",
"366.5","36.000",
"367.0","37.000",
"367.5","35.000",
"368.0","35.000",
"368.5","36.000",
"369.0","35.000",
"369.5","35.000",
"370.0","35.000",
"370.5","35.000",
"371.0","35.000",
"371.5","34.000",
"372.0","35.000",
"372.5","35.000",
"373.0","34.000",
"373.5","35.000",
"374.0","35.000",
"374.5","36.000",
"375.0","35.000",
"375.5","35.000",
"376.0","34.000",
"376.5","35.000",
"377.0","35.000",
"377.5","36.000",
"378.0","35.000",
"378.5","34.000",
"379.0","35.000",
"379.5","34.000",
"380.0","35.000",
"380.5","35.000",
"381.0","34.000",
"382.0","34.000",
"382.5","35.000",
"383.0","34.000",
"383.5","34.000",
"384.0","34.000",
"384.5","35.000",
"385.0","35.000",
"385.5","35.000",
"386.0","35.000",
"386.5","35.000",
"387.0","34.000",
"387.5","35.000",
"388.0","35.000",
"388.5","34.000",
"389.0","35.000",
"389.5","35.000",
"390.0","34.000",
"390.5","35.000",
"391.0","35.000",
"391.5","35.000",
"392.0","34.000",
"392.5","35.000",
"393.0","35.000",
"393.5","35.000",
"394.0","35.000",
"394.5","34.000",
"395.0","35.000",
"395.5","34.000",
"396.0","34.000",
"396.5","34.000",
"397.0","34.000",
"397.5","34.000",
"398.0","34.000",
"398.5","35.000",
"399.0","35.000",
"399.5","36.000",
"400.0","35.000",
"400.5","35.000",
"401.0","35.000",
"401.5","35.000",
"402.0","34.000",
"402.5","34.000",
"403.0","36.000",
"403.5","34.000",
"404.0","35.000",
"404.5","35.000",
"405.0","35.000",
"405.5","36.000",
"406.0","34.000",
"406.5","35.000",
"407.5","35.000",
"408.0","34.000",
"408.5","34.000",
"409.0","35.000",
"409.5","34.000",
"410.0","35.000",
"410.5","34.000",
"411.0","34.000",
"411.5","34.000",
"412.0","34.000",
"412.5","33.000",
"413.0","34.000",
"413.5","34.000",
"414.0","35.000",
"414.5","34.000",
"415.0","34.000",
"415.5","34.000",
"416.0","34.000",
"416.5","34.000",
"417.0","34.000",
"417.5","34.000",
"418.0","33.000",
"418.5","34.000",
"419.0","35.000",
"419.5","33.000",
"420.0","34.000",
"420.5","35.000",
"421.0","33.000",
"421.5","33.000",
"422.0","34.000",
"422.5","34.000",
"423.0","34.000",
"423.5","34.000",
"424.0","35.000",
"424.5","34.000",
"425.0","33.000",
"425.5","34.000",
"426.0","34.000",
"426.5","34.000",
"427.0","35.000",
"428.0","34.000",
"428.5","34.000",
"429.0","34.000",
"429.5","34.000",
"430.0","34.000",
"430.5","36.000",
"431.0","34.000",
"431.5","34.000",
"432.0","34.000",
"432.5","35.000",
"433.0","36.000",
"433.5","35.000",
"434.0","34.000",
"434.5","34.000",
"435.0","34.000",
"435.5","34.000",
"436.0","35.000",
"436.5","35.000",
"437.0","35.000",
"437.5","35.000",
"438.0","35.000",
"438.5","34.000",
"439.0","33.000",
"439.5","33.000",
"440.0","35.000",
"440.5","34.000",
"441.0","34.000",
"441.5","35.000",
"442.0","34.000",
"442.5","33.000",
"443.0","34.000",
"443.5","34.000",
"444.0","35.000",
"444.5","34.000",
"445.0","34.000",
"445.5","34.000",
"446.0","34.000",
"446.5","34.000",
"447.0","34.000",
"447.5","35.000",
"448.5","34.000",
"449.0","35.000",
"449.5","34.000",
"450.0","34.000",
"450.5","35.000",
"451.0","35.000",
"451.5","34.000",
"452.0","34.000",
"452.5","33.000",
"453.0","33.000",
"453.5","35.000",
"454.0","34.000",
"454.5","34.000",
"455.0","34.000",
"455.5","35.000",
"456.0","33.000",
"456.5","33.000",
"457.0","34.000",
"457.5","35.000",
"458.0","34.000",
"458.5","34.000",
"459.0","34.000",
"459.5","34.000",
"460.0","33.000",
"460.5","34.000",
"461.0","35.000",
"461.5","35.000",
"462.0","34.000",
"462.5","33.000",
"463.0","35.000",
"463.5","34.000",
"464.0","34.000",
"464.5","34.000",
"465.0","34.000",
"465.5","34.000",
"466.0","34.000",
"466.5","33.000",
"467.0","34.000",
"467.5","34.000",
"468.0","34.000",
"469.0","34.000",
"469.5","34.000",
"470.0","33.000",
"470.5","34.000",
"471.0","35.000",
"471.5","35.000",
"472.0","34.000",
"472.5","34.000",
"473.0","34.000",
"473.5","34.000",
"474.0","33.000",
"474.5","34.000",
"475.0","33.000",
"475.5","35.000",
"476.0","34.000",
"476.5","34.000",
"477.0","35.000",
"477.5","33.000",
"478.0","33.000",
"478.5","34.000",
"479.0","34.000",
"479.5","34.000",
"480.0","34.000",
"480.5","33.000",
"481.0","33.000",
"481.5","33.000",
"482.0","34.000",
"482.5","34.000",
"483.0","35.000",
"483.5","34.000",
"484.0","35.000",
"484.5","34.000",
"485.0","34.000",
"485.5","34.000",
"486.0","34.000",
"486.5","35.000",
"487.0","35.000",
"487.5","35.000",
"488.0","35.000",
"488.5","34.000",
"489.5","35.000",
"490.0","33.000",
"490.5","33.000",
"491.0","34.000",
"491.5","34.000",
"492.0","34.000",
"492.5","34.000",
"493.0","34.000",
"493.5","35.000",
"494.0","34.000",
"494.5","33.000",
"495.0","34.000",
"495.5","34.000",
"496.0","34.000",
"496.5","34.000",
"497.0","34.000",
"497.5","35.000",
"498.0","34.000",
"498.5","34.000",
"499.0","34.000",
"499.5","34.000",
"500.0","34.000",
"500.5","34.000",
"501.0","34.000",
"501.5","35.000",
"502.0","35.000",
"502.5","34.000",
"503.0","34.000",
"503.5","34.000",
"504.0","34.000",
"504.5","35.000",
"505.0","34.000",
"505.5","34.000",
"506.0","35.000",
"506.5","36.000",
"507.0","34.000",
"507.5","35.000",
"508.0","34.000",
"508.5","34.000",
"509.0","34.000",
"509.5","34.000",
"510.0","34.000",
"510.5","33.000",
"511.0","33.000",
"511.5","33.000",
"512.0","33.000",
"512.5","33.000",
"513.0","34.000",
"513.5","33.000",
"514.0","35.000",
"515.0","33.000",
"515.5","34.000",
"516.0","34.000",
"516.5","33.000",
"517.0","34.000",
"517.5","35.000",
"518.0","35.000",
"518.5","34.000",
"519.0","34.000",
"519.5","34.000",
"520.0","34.000",
"520.5","34.000",
"521.0","35.000",
"521.5","34.000",
"522.0","34.000",
"522.5","33.000",
"523.0","33.000",
"523.5","33.000",
"524.0","34.000",
"524.5","34.000",
"525.0","34.000",
"525.5","35.000",
"526.0","34.000",
"526.5","33.000",
"527.0","34.000",
"527.5","33.000",
"528.0","34.000",
"528.5","35.000",
"529.0","33.000",
"529.5","34.000",
"530.0","34.000",
"530.5","35.000",
"531.0","35.000",
"531.5","35.000",
"532.0","34.000",
"532.5","34.000",
"533.0","34.000",
"533.5","34.000",
"534.0","34.000",
"534.5","33.000",
"535.5","34.000",
"536.0","34.000",
"536.5","34.000",
"537.0","34.000",
"537.5","34.000",
"538.0","34.000",
"538.5","34.000",
"539.0","34.000",
"539.5","34.000",
"540.0","34.000",
"540.5","34.000",
"541.0","34.000",
"541.5","34.000",
"542.0","35.000",
"542.5","34.000",
"543.0","34.000",
"543.5","35.000",
"544.0","34.000",
"544.5","33.000",
"545.0","34.000",
"545.5","35.000",
"546.0","34.000",
"546.5","34.000",
"547.0","34.000",
"547.5","34.000",
"548.0","34.000",
"548.5","34.000",
"549.0","34.000",
"549.5","33.000",
"550.0","33.000",
"550.5","34.000",
"551.0","34.000",
"551.5","33.000",
"552.0","35.000",
"552.5","34.000",
"553.0","34.000",
"553.5","34.000",
"554.0","33.000",
"554.5","34.000",
"555.0","34.000",
"555.5","33.000",
"556.0","34.000",
"556.5","33.000",
"557.0","33.000",
"557.5","34.000",
"558.0","35.000",
"558.5","34.000",
"559.0","34.000",
"559.5","35.000",
"560.0","34.000",
"561.0","34.000",
"561.5","34.000",
"562.0","33.000",
"562.5","35.000",
"563.0","34.000",
"563.5","35.000",
"564.0","34.000",
"564.5","33.000",
"565.0","34.000",
"565.5","34.000",
"566.0","34.000",
"566.5","34.000",
"567.0","34.000",
"567.5","34.000",
"568.0","34.000",
"568.5","34.000",
"569.0","34.000",
"569.5","34.000",
"570.0","34.000",
"570.5","33.000",
"571.0","33.000",
"571.5","34.000",
"572.0","34.000",
"572.5","34.000",
"573.0","34.000",
"573.5","35.000",
"574.0","34.000",
"574.5","34.000",
"575.0","33.000",
"575.5","33.000",
"576.0","34.000",
"576.5","34.000",
"577.0","34.000",
"577.5","35.000",
"578.0","34.000",
"578.5","34.000",
"579.0","33.000",
"579.5","33.000",
"580.0","34.000",
"580.5","34.000",
"581.0","33.000",
"581.5","34.000",
"582.0","34.000",
"582.5","34.000",
"583.0","35.000",
"583.5","35.000",
"584.0","34.000",
"584.5","35.000",
"585.0","34.000",
"585.5","34.000",
"586.0","34.000",
"586.5","34.000",
"587.0","35.000",
"587.5","36.000",
"588.0","35.000",
"588.5","34.000",
"589.0","35.000",
"589.5","35.000",
"590.0","34.000",
"590.5","34.000",
"591.0","34.000",
"591.5","35.000",
"592.0","35.000",
"592.5","35.000",
"593.0","35.000",
"593.5","34.000",
"594.0","36.000",
"594.5","34.000",
"595.0","35.000",
"595.5","35.000",
"596.0","35.000",
"596.5","34.000",
"597.0","37.000",
"597.5","35.000",
"598.0","40.000",
"598.5","40.000",
"599.0","40.000",
"599.5","39.000",
"600.0","40.000",
"600.5","40.000",
"601.0","41.000",
"601.5","36.000",
"602.0","36.000",
"602.5","39.000",
"603.0","39.000",
"603.5","41.000",
"604.0","41.000",
"604.5","42.000",
"605.0","36.000",
"605.5","37.000",
"606.0","36.000",
"607.0","36.000",
"607.5","35.000",
"608.0","35.000",
"608.5","35.000",
"609.0","36.000",
"609.5","35.000",
"610.0","35.000",
"610.5","34.000",
"611.0","35.000",
"611.5","35.000",
"612.0","36.000",
"612.5","34.000",
"613.0","36.000",
"613.5","35.000",
"614.0","35.000",
"614.5","35.000",
"615.0","35.000",
"615.5","34.000",
"616.0","35.000",
"616.5","34.000",
"617.0","36.000",
"617.5","35.000",
"618.0","35.000",
"618.5","34.000",
"619.0","35.000",
"619.5","35.000",
"620.0","33.000",
"620.5","34.000",
"621.0","34.000",
"621.5","35.000",
"622.0","35.000",
"622.5","34.000",
"623.0","35.000",
"623.5","35.000",
"624.0","35.000",
"624.5","34.000",
"625.0","35.000",
"625.5","35.000",
"626.0","34.000",
"626.5","34.000",
"627.0","35.000",
"627.5","34.000",
"628.0","35.000",
"628.5","34.000",
"629.0","35.000",
"629.5","34.000",
"630.0","34.000",
"630.5","34.000",
"631.0","33.000",
"631.5","36.000",
"632.0","35.000",
"632.5","35.000",
"633.0","34.000",
"633.5","35.000",
"634.0","35.000",
"634.5","35.000",
"635.0","35.000",
"635.5","34.000",
"636.0","36.000",
"636.5","34.000",
"637.0","35.000",
"637.5","35.000",
"638.0","35.000",
"638.5","35.000",
"639.0","35.000",
"639.5","35.000",
"640.0","36.000",
"640.5","35.000",
"641.0","35.000",
"641.5","34.000",
"642.0","36.000",
"643.0","38.000",
"643.5","36.000",
"644.0","35.000",
"644.5","34.000",
"645.0","35.000",
"645.5","35.000",
"646.0","39.000",
"646.5","35.000",
"647.0","35.000",
"647.5","36.000",
"648.0","36.000",
"648.5","36.000",
"649.0","34.000",
"649.5","35.000",
"650.0","36.000",
"650.5","35.000",
"651.0","35.000",
"651.5","35.000",
"652.0","35.000",
"652.5","35.000",
"653.0","35.000",
"653.5","35.000",
"654.0","35.000",
"654.5","36.000",
"655.0","34.000",
"655.5","35.000",
"656.0","36.000",
"656.5","35.000",
"657.0","34.000",
"657.5","34.000",
"658.0","34.000",
"658.5","35.000",
"659.0","35.000",
"659.5","35.000",
"660.0","34.000",
"660.5","35.000",
"661.0","34.000",
"661.5","34.000",
"662.0","35.000",
"662.5","35.000",
"663.5","34.000",
"664.0","34.000",
"664.5","34.000",
"665.0","35.000",
"665.5","35.000",
"666.0","35.000",
"666.5","34.000",
"667.0","34.000",
"667.5","35.000",
"668.0","35.000",
"668.5","35.000",
"669.0","35.000",
"669.5","36.000",
"670.0","34.000",
"670.5","35.000",
"671.0","35.000",
"671.5","36.000",
"672.0","35.000",
"672.5","35.000",
"673.0","36.000",
"673.5","35.000",
"674.0","35.000",
"674.5","35.000",
"675.0","35.000",
"675.5","35.000",
"676.0","34.000",
"676.5","35.000",
"677.0","34.000",
"677.5","36.000",
"678.0","36.000",
"678.5","35.000",
"679.0","35.000",
"679.5","34.000",
"680.0","34.000",
"680.5","34.000",
"681.0","34.000",
"681.5","34.000",
"682.0","35.000",
"682.5","41.000",
"683.0","41.000",
"684.0","35.000",
"684.5","36.000",
"685.0","36.000",
"685.5","36.000",
"686.0","41.000",
"686.5","37.000",
"687.0","40.000",
"687.5","37.000",
"688.0","40.000",
"688.5","37.000",
"689.0","36.000",
"689.5","37.000",
"690.0","37.000",
"690.5","37.000",
"691.0","42.000",
"691.5","44.000",
"692.0","38.000",
"692.5","40.000",
"693.0","45.000",
"693.5","45.000",
"694.0","45.000",
"694.5","38.000",
"695.0","46.000",
"695.5","46.000",
"696.0","45.000",
"696.5","46.000",
"697.0","44.000",
"697.5","44.000",
"698.0","45.000",
"698.5","40.000",
"699.0","41.000",
"699.5","38.000",
"700.0","40.000",
"700.5","39.000",
"701.0","44.000",
"701.5","45.000",
"702.0","38.000",
"702.5","46.000",
"703.0","45.000",
"703.5","47.000",
"704.0","45.000",
"704.5","45.000",
"705.0","47.000",
"705.5","45.000",
"706.0","47.000",
"706.5","44.000",
"707.0","39.000",
"707.5","47.000",
"708.0","43.000",
"708.5","46.000",
"709.5","46.000",
"710.0","47.000",
"710.5","44.000",
"711.0","48.000",
"711.5","47.000",
"712.0","45.000",
"712.5","47.000",
"713.0","47.000",
"713.5","40.000",
"714.0","39.000",
"714.5","38.000",
"715.0","38.000",
"715.5","37.000",
"716.0","37.000",
"716.5","38.000",
"717.0","38.000",
"717.5","36.000",
"718.0","36.000",
"718.5","37.000",
"719.0","36.000",
"719.5","37.000",
"720.0","36.000",
"720.5","37.000",
"721.0","38.000",
"721.5","37.000",
"722.0","37.000",
"722.5","38.000",
"723.0","37.000",
"723.5","36.000",
"724.0","36.000",
"724.5","37.000",
"725.0","37.000",
"725.5","37.000",
"726.0","36.000",
"726.5","36.000",
"727.0","36.000",
"727.5","38.000",
"728.0","36.000",
"728.5","37.000",
"729.0","37.000",
"730.0","36.000",
"730.5","37.000",
"731.0","37.000",
"731.5","36.000",
"732.0","36.000",
"732.5","36.000",
"733.0","37.000",
"733.5","36.000",
"734.0","36.000",
"734.5","36.000",
"735.0","37.000",
"735.5","36.000",
"736.0","36.000",
"736.5","36.000",
"737.0","36.000",
"737.5","37.000",
"738.0","37.000",
"738.5","37.000",
"739.0","37.000",
"739.5","36.000",
"740.0","36.000",
"740.5","36.000",
"741.0","36.000",
"741.5","36.000",
"742.0","36.000",
"742.5","36.000",
"743.0","36.000",
"743.5","37.000",
"744.0","37.000",
"744.5","35.000",
"745.5","36.000",
"746.0","36.000",
"746.5","36.000",
"747.0","36.000",
"747.5","36.000",
"748.0","37.000",
"748.5","37.000",
"749.0","36.000",
"749.5","36.000",
"750.0","37.000",
"750.5","36.000",
"751.0","37.000",
"751.5","36.000",
"752.0","36.000",
"752.5","37.000",
"753.0","36.000",
"753.5","35.000",
"754.0","36.000",
"754.5","36.000",
"755.0","37.000",
"755.5","35.000",
"756.0","35.000",
"756.5","36.000",
"757.0","36.000",
"757.5","36.000",
"758.0","35.000",
"758.5","36.000",
"759.0","37.000",
"759.5","36.000",
"760.0","35.000",
"760.5","35.000",
"761.0","35.000",
"761.5","35.000",
"762.0","34.000",
"762.5","36.000",
"763.0","35.000",
"763.5","37.000",
"764.0","37.000",
"764.5","35.000",
"765.0","35.000",
"765.5","35.000",
"766.0","34.000",
"766.5","36.000",
"767.0","35.000",
"767.5","36.000",
"768.0","35.000",
"768.5","35.000",
"769.0","35.000",
"769.5","35.000",
"770.0","36.000",
"770.5","36.000",
"771.0","35.000",
"771.5","36.000",
"772.0","36.000",
"772.5","35.000",
"773.0","35.000",
"773.5","35.000",
"774.0","35.000",
"774.5","36.000",
"775.0","35.000",
"775.5","35.000",
"776.0","36.000",
"776.5","35.000",
"777.0","35.000",
"777.5","35.000",
"778.0","35.000",
"778.5","35.000",
"779.0","35.000",
"779.5","35.000",
"780.0","36.000",
"780.5","36.000",
"781.0","36.000",
"781.5","36.000",
"782.0","36.000",
"782.5","36.000",
"783.0","35.000",
"783.5","36.000",
"784.0","35.000",
"784.5","34.000",
"785.0","34.000",
"785.5","35.000",
"786.5","35.000",
"787.0","35.000",
"787.5","36.000",
"788.0","35.000",
"788.5","35.000",
"789.0","36.000",
"789.5","35.000",
"790.0","35.000",
"790.5","35.000",
"791.0","35.000",
"791.5","35.000",
"792.0","35.000",
"792.5","35.000",
"793.0","35.000",
"793.5","35.000",
"794.0","35.000",
"794.5","36.000",
"795.0","35.000",
"795.5","35.000",
"796.0","34.000",
"796.5","36.000",
"797.0","35.000",
"797.5","35.000",
"798.0","35.000",
"798.5","35.000",
"799.0","35.000",
"799.5","34.000",
"800.0","35.000",
"800.5","34.000",
"801.0","36.000",
"801.5","34.000",
"802.0","34.000",
"802.5","34.000",
"803.0","36.000",
"803.5","35.000",
"804.0","36.000",
"804.5","36.000",
"805.0","35.000",
"805.5","35.000",
"806.0","34.000",
"806.5","36.000",
"807.0","35.000",
"807.5","35.000",
"808.0","35.000",
"808.5","35.000",
"809.0","34.000",
"809.5","35.000",
"810.0","35.000",
"810.5","34.000",
"811.0","35.000",
"811.5","35.000",
"812.0","35.000",
"812.5","34.000",
"813.0","34.000",
"813.5","35.000",
"814.0","34.000",
"814.5","34.000",
"815.0","35.000",
"815.5","35.000",
"816.0","35.000",
"816.5","34.000",
"817.0","34.000",
"817.5","34.000",
"818.0","36.000",
"818.5","34.000",
"819.0","35.000",
"819.5","35.000",
"820.0","34.000",
"820.5","35.000",
"821.0","35.000",
"821.5","34.000",
"822.0","34.000",
"822.5","34.000",
"823.0","34.000",
"823.5","35.000",
"824.0","35.000",
"824.5","35.000",
"825.0","34.000",
"825.5","34.000",
"826.0","35.000",
"826.5","34.000",
"827.5","36.000",
"828.0","35.000",
"828.5","34.000",
"829.0","35.000",
"829.5","35.000",
"830.0","35.000",
"830.5","34.000",
"831.0","34.000",
"831.5","34.000",
"832.0","35.000",
"832.5","34.000",
"833.0","35.000",
"833.5","34.000",
"834.0","34.000",
"834.5","35.000",
"835.0","34.000",
"835.5","34.000",
"836.0","34.000",
"836.5","35.000",
"837.0","34.000",
"837.5","34.000",
"838.0","34.000",
"838.5","35.000",
"839.0","34.000",
"839.5","34.000",
"840.0","34.000",
"840.5","33.000",
"841.0","34.000",
"841.5","34.000",
"842.0","34.000",
"842.5","33.000",
"843.0","35.000",
"843.5","35.000",
"844.0","34.000",
"844.5","34.000",
"845.0","35.000",
"845.5","34.000",
"846.0","34.000",
"846.5","34.000",
"847.0","34.000",
"847.5","35.000",
"848.0","34.000",
"848.5","35.000",
"849.0","34.000",
"849.5","34.000",
"850.0","34.000",
"850.5","34.000",
"851.0","35.000",
"851.5","34.000",
"852.0","34.000",
"852.5","34.000",
"853.0","34.000",
"853.5","34.000",
"854.0","34.000",
"854.5","34.000",
"855.0","34.000",
"855.5","34.000",
"856.0","34.000",
"856.5","34.000",
"857.0","36.000",
"857.5","34.000",
"858.5","35.000",
"859.0","34.000",
"859.5","35.000",
"860.0","35.000",
"860.5","35.000",
"861.0","34.000",
"861.5","35.000",
"862.0","36.000",
"862.5","36.000",
"863.0","37.000",
"863.5","36.000",
"864.0","40.000",
"864.5","36.000",
"865.0","35.000",
"865.5","36.000",
"866.0","35.000",
"866.5","40.000",
"867.0","36.000",
"867.5","35.000",
"868.0","35.000",
"868.5","35.000",
"869.0","37.000",
"869.5","36.000",
"870.0","37.000",
"870.5","37.000",
"871.0","35.000",
"871.5","35.000",
"872.0","36.000",
"872.5","34.000",
"873.0","35.000",
"873.5","35.000",
"874.0","36.000",
"874.5","35.000",
"875.0","35.000",
"875.5","35.000",
"876.0","39.000",
"876.5","38.000",
"877.0","35.000",
"877.5","36.000",
"878.0","36.000",
"878.5","35.000",
"879.0","35.000",
"879.5","35.000",
"880.0","36.000",
"880.5","37.000",
"881.0","37.000",
"881.5","38.000",
"882.0","37.000",
"882.5","37.000",
"883.0","34.000",
"883.5","40.000",
"884.0","38.000",
"884.5","37.000",
"885.0","36.000",
"885.5","36.000",
"886.0","36.000",
"886.5","35.000",
"887.0","36.000",
"887.5","36.000",
"888.0","36.000",
"888.5","37.000",
"889.0","36.000",
"889.5","36.000",
"890.0","35.000",
"890.5","35.000",
"891.0","35.000",
"891.5","35.000",
"892.0","34.000",
"892.5","35.000",
"893.0","35.000",
"893.5","36.000",
"894.0","35.000",
"894.5","35.000",
"895.0","36.000",
"895.5","35.000",
"896.0","35.000",
"896.5","34.000",
"897.0","35.000",
"897.5","36.000",
"898.0","36.000",
"898.5","39.000",
"899.0","37.000",
"900.0","36.000",
"900.5","35.000",
"901.0","36.000",
"901.5","35.000",
"902.0","35.000",
"902.5","36.000",
"903.0","35.000",
"903.5","36.000",
"904.0","36.000",
"904.5","36.000",
"905.0","35.000",
"905.5","35.000",
"906.0","35.000",
"906.5","35.000",
"907.0","36.000",
"907.5","35.000",
"908.0","36.000",
"908.5","36.000",
"909.0","35.000",
"909.5","35.000",
"910.0","35.000",
"910.5","36.000",
"911.0","37.000",
"911.5","35.000",
"912.0","35.000",
"912.5","36.000",
"913.0","36.000",
"913.5","35.000",
"914.0","36.000",
"914.5","36.000",
"915.0","42.000",
"915.5","36.000",
"916.0","36.000",
"916.5","36.000",
"917.0","36.000",
"917.5","36.000",
"918.0","36.000",
"918.5","35.000",
"919.0","36.000",
"919.5","36.000",
"920.0","35.000",
"920.5","35.000",
"921.0","36.000",
"921.5","35.000",
"922.0","34.000",
"922.5","35.000",
"923.0","35.000",
"923.5","34.000",
"924.0","35.000",
"924.5","36.000",
"925.0","36.000",
"925.5","35.000",
"926.0","35.000",
"926.5","35.000",
"927.0","35.000",
"927.5","36.000",
"928.0","34.000",
"928.5","36.000",
"929.0","35.000",
"929.5","35.000",
"930.0","35.000",
"930.5","35.000",
"931.0","35.000",
"931.5","35.000",
"932.0","36.000",
"932.5","36.000",
"933.0","34.000",
"933.5","35.000",
"934.0","35.000",
"934.5","35.000",
"935.0","44.000",
"935.5","35.000",
"936.0","34.000",
"936.5","35.000",
"937.0","41.000",
"937.5","37.000",
"938.0","35.000",
"938.5","35.000",
"939.0","37.000",
"939.5","35.000",
"940.0","36.000",
"940.5","35.000",
"941.0","35.000",
"941.5","35.000",
"942.0","36.000",
"942.5","36.000",
"943.0","36.000",
"943.5","35.000",
"944.0","36.000",
"944.5","36.000",
"945.0","36.000",
"945.5","36.000",
"946.0","35.000",
"946.5","36.000",
"947.0","37.000",
"947.5","35.000",
"948.0","35.000",
"948.5","36.000",
"949.0","35.000",
"949.5","36.000",
"950.0","36.000",
"950.5","36.000",
"951.0","35.000",
"951.5","35.000",
"952.0","36.000",
"952.5","34.000",
"953.0","34.000",
"953.5","35.000",
"954.0","35.000",
"954.5","34.000",
"955.0","34.000",
"955.5","35.000",
"956.0","35.000",
"956.5","35.000",
"957.0","35.000",
"958.0","35.000",
"958.5","36.000",
"959.0","35.000",
"959.5","35.000",
"960.0","35.000",
"960.5","36.000",
"961.0","36.000",
"961.5","42.000",
"962.0","36.000",
"962.5","35.000",
"963.0","35.000",
"963.5","35.000",
"964.0","35.000",
"964.5","34.000",
"965.0","35.000",
"965.5","35.000",
"966.0","35.000",
"966.5","35.000",
"967.0","35.000",
"967.5","34.000",
"968.0","35.000",
"968.5","35.000",
"969.0","35.000",
"969.5","35.000",
"970.0","36.000",
"970.5","35.000",
"971.0","35.000",
"971.5","35.000",
"972.0","36.000",
"972.5","36.000",
"973.0","36.000",
"973.5","36.000",
"974.0","35.000",
"974.5","35.000",
"975.0","35.000",
"975.5","36.000",
"976.0","36.000",
"976.5","34.000",
"977.0","35.000",
"977.5","35.000",
"978.0","35.000",
"978.5","35.000",
"979.0","36.000",
"979.5","35.000",
"980.0","35.000",
"980.5","35.000",
"981.0","34.000",
"981.5","34.000",
"982.0","35.000",
"982.5","35.000",
"983.0","34.000",
"983.5","35.000",
"984.0","35.000",
"984.5","35.000",
"985.0","35.000",
"985.5","35.000",
"986.0","35.000",
"986.5","35.000",
"987.0","35.000",
"987.5","35.000",
"988.0","36.000",
"988.5","36.000",
"989.0","34.000",
"989.5","35.000",
"990.0","34.000",
"990.5","36.000",
"991.0","36.000",
"991.5","44.000",
"992.0","36.000",
"992.5","36.000",
"993.0","37.000",
"993.5","35.000",
"994.0","35.000",
"994.5","35.000",
"995.0","36.000",
"995.5","35.000",
"996.0","36.000",
"996.5","36.000",
"997.0","35.000",
"997.5","35.000",
"998.0","35.000",
"998.5","36.000",
"999.0","35.000",
"999.5","36.000",
"1000.0","36.000",
"1000.5","35.000",
"1001.0","35.000",
"1001.5","35.000",
"1002.0","35.000",
"1002.5","34.000",
"1003.0","35.000",
"1003.5","35.000",
"1004.0","36.000",
"1004.5","36.000",
"1005.0","35.000",
"1005.5","35.000",
"1006.0","35.000",
"1006.5","35.000",
"1007.0","37.000",
"1007.5","42.000",
"1008.0","38.000",
"1008.5","36.000",
"1009.5","35.000",
"1010.0","36.000",
"1010.5","35.000",
"1011.0","36.000",
"1011.5","36.000",
"1012.0","35.000",
"1012.5","35.000",
"1013.0","36.000",
"1013.5","35.000",
"1014.0","38.000",
"1014.5","35.000",
"1015.0","36.000",
"1015.5","36.000",
"1016.0","35.000",
"1016.5","36.000",
"1017.0","36.000",
"1017.5","36.000",
"1018.0","38.000",
"1018.5","40.000",
"1019.0","39.000",
"1019.5","37.000",
"1020.0","35.000",
"1020.5","36.000",
"1021.0","37.000",
"1021.5","36.000",
"1022.0","36.000",
"1022.5","36.000",
"1023.0","35.000",
"1023.5","36.000",
"1024.0","36.000",
"1025.0","36.000",
"1025.5","37.000",
"1026.0","36.000",
"1026.5","36.000",
"1027.0","36.000",
"1027.5","37.000",
"1028.0","36.000",
"1028.5","35.000",
"1029.0","35.000",
"1029.5","34.000",
"1030.0","39.000",
"1030.5","37.000",
"1031.0","36.000",
"1031.5","37.000",
"1032.0","36.000",
"1032.5","35.000",
"1033.0","36.000",
"1033.5","36.000",
"1034.0","36.000",
"1034.5","36.000",
"1035.0","36.000",
"1035.5","36.000",
"1036.0","39.000",
"1036.5","41.000",
"1037.0","40.000",
"1037.5","44.000",
"1038.0","39.000",
"1038.5","38.000",
"1039.0","36.000",
"1039.5","36.000",
"1040.0","37.000",
"1040.5","37.000",
"1041.0","36.000",
"1041.5","36.000",
"1042.0","37.000",
"1042.5","37.000",
"1043.0","36.000",
"1043.5","35.000",
"1044.0","36.000",
"1044.5","36.000",
"1045.0","36.000",
"1045.5","36.000",
"1046.0","36.000",
"1046.5","37.000",
"1047.0","41.000",
"1047.5","42.000",
"1048.0","37.000",
"1048.5","37.000",
"1049.0","38.000",
"1049.5","37.000",
"1050.0","37.000",
"1050.5","41.000",
"1051.0","37.000",
"1051.5","37.000",
"1052.0","36.000",
"1052.5","41.000",
"1053.0","38.000",
"1053.5","36.000",
"1054.0","36.000",
"1054.5","37.000",
"1055.0","37.000",
"1055.5","36.000",
"1056.0","35.000",
"1056.5","36.000",
"1057.0","36.000",
"1057.5","36.000",
"1058.0","37.000",
"1058.5","36.000",
"1059.0","37.000",
"1059.5","36.000",
"1060.0","36.000",
"1061.0","35.000",
"1061.5","36.000",
"1062.0","35.000",
"1062.5","34.000",
"1063.0","36.000",
"1063.5","35.000",
"1064.0","36.000",
"1064.5","36.000",
"1065.0","35.000",
"1065.5","40.000",
"1066.0","36.000",
"1066.5","36.000",
"1067.0","36.000",
"1067.5","35.000",
"1068.0","37.000",
"1068.5","35.000",
"1069.0","36.000",
"1069.5","35.000",
"1070.0","35.000",
"1070.5","35.000",
"1071.0","35.000",
"1071.5","36.000",
"1072.0","37.000",
"1072.5","36.000",
"1073.0","36.000",
"1073.5","35.000",
"1074.0","35.000",
"1074.5","35.000",
"1075.0","34.000",
"1075.5","35.000",
"1076.5","34.000",
"1077.0","36.000",
"1077.5","34.000",
"1078.0","36.000",
"1078.5","34.000",
"1079.0","35.000",
"1079.5","36.000",
"1080.0","36.000",
"1080.5","37.000",
"1081.0","37.000",
"1081.5","36.000",
"1082.0","36.000",
"1082.5","35.000",
"1083.0","36.000",
"1083.5","36.000",
"1084.0","37.000",
"1084.5","35.000",
"1085.0","35.000",
"1085.5","35.000",
"1086.0","35.000",
"1086.5","36.000",
"1087.0","35.000",
"1087.5","35.000",
"1088.0","35.000",
"1088.5","36.000",
"1089.0","37.000",
"1089.5","36.000",
"1090.0","36.000",
"1090.5","35.000",
"1091.0","36.000",
"1091.5","36.000",
"1092.0","36.000",
"1092.5","35.000",
"1093.0","35.000",
"1093.5","35.000",
"1094.0","35.000",
"1094.5","35.000",
"1095.0","35.000",
"1095.5","36.000",
"1096.0","35.000",
"1096.5","35.000",
"1097.0","35.000",
"1097.5","36.000",
"1098.0","35.000",
"1098.5","35.000",
"1099.0","36.000",
"1099.5","35.000",
"1100.0","35.000",
"1100.5","35.000",
"1101.0","36.000",
"1101.5","35.000",
"1102.0","36.000",
"1102.5","34.000",
"1103.0","36.000",
"1103.5","38.000",
"1104.0","36.000",
"1104.5","36.000",
"1105.0","37.000",
"1105.5","36.000",
"1106.0","36.000",
"1106.5","36.000",
"1107.0","40.000",
"1107.5","41.000",
"1108.0","41.000",
"1108.5","37.000",
"1109.0","36.000",
"1109.5","41.000",
"1110.0","37.000",
"1110.5","38.000",
"1111.0","37.000",
"1111.5","36.000",
"1112.0","36.000",
"1112.5","36.000",
"1113.0","36.000",
"1113.5","36.000",
"1114.0","37.000",
"1114.5","37.000",
"1115.0","35.000",
"1115.5","36.000",
"1116.0","36.000",
"1116.5","35.000",
"1117.0","42.000",
"1117.5","38.000",
"1118.0","36.000",
"1118.5","42.000",
"1119.0","37.000",
"1119.5","37.000",
"1120.0","37.000",
"1120.5","37.000",
"1121.0","37.000",
"1121.5","40.000",
"1122.0","37.000",
"1122.5","36.000",
"1123.0","36.000",
"1123.5","37.000",
"1124.0","36.000",
"1124.5","37.000",
"1125.0","36.000",
"1125.5","36.000",
"1126.0","36.000",
"1126.5","36.000",
"1127.0","37.000",
"1127.5","46.000",
"1128.5","43.000",
"1129.0","37.000",
"1129.5","42.000",
"1130.0","39.000",
"1130.5","38.000",
"1131.0","39.000",
"1131.5","36.000",
"1132.0","39.000",
"1132.5","39.000",
"1133.0","38.000",
"1134.0","36.000",
"1134.5","38.000",
"1135.0","37.000",
"1135.5","37.000",
"1136.0","38.000",
"1136.5","39.000",
"1137.0","37.000",
"1137.5","38.000",
"1138.0","37.000",
"1138.5","39.000",
"1139.0","39.000",
"1139.5","44.000",
"1140.0","45.000",
"1140.5","44.000",
"1141.0","44.000",
"1141.5","43.000",
"1142.0","44.000",
"1142.5","39.000",
"1143.0","44.000",
"1143.5","39.000",
"1144.5","42.000",
"1145.0","40.000",
"1145.5","47.000",
"1146.0","39.000",
"1146.5","40.000",
"1147.0","41.000",
"1147.5","44.000",
"1148.0","39.000",
"1148.5","44.000",
"1149.0","39.000",
"1149.5","38.000",
"1150.0","43.000",
"1150.5","39.000",
"1151.0","39.000",
"1151.5","44.000",
"1152.0","39.000",
"1152.5","39.000",
"1153.0","39.000",
"1153.5","41.000",
"1154.0","41.000",
"1154.5","39.000",
"1155.0","41.000",
"1155.5","39.000",
"1156.0","40.000",
"1156.5","39.000",
"1157.0","44.000",
"1157.5","40.000",
"1158.0","45.000",
"1158.5","45.000",
"1159.0","42.000",
"1159.5","42.000",
"1160.0","42.000",
"1160.5","46.000",
"1161.0","45.000",
"1161.5","44.000",
"1162.0","42.000",
"1162.5","45.000",
"1163.0","42.000",
"1163.5","44.000",
"1164.0","40.000",
"1164.5","41.000",
"1165.0","45.000",
"1165.5","41.000",
"1166.0","39.000",
"1166.5","42.000",
"1167.0","42.000",
"1167.5","41.000",
"1168.0","41.000",
"1168.5","40.000",
"1169.0","43.000",
"1169.5","40.000",
"1170.0","44.000",
"1170.5","46.000",
"1171.0","40.000",
"1171.5","41.000",
"1172.0","41.000",
"1172.5","40.000",
"1173.0","45.000",
"1173.5","44.000",
"1174.0","43.000",
"1174.5","42.000",
"1175.0","39.000",
"1175.5","40.000",
"1176.0","40.000",
"1176.5","40.000",
"1177.0","40.000",
"1177.5","39.000",
"1178.0","40.000",
"1178.5","41.000",
"1179.0","40.000",
"1179.5","43.000",
"1180.0","40.000",
"1181.0","41.000",
"1181.5","41.000",
"1182.0","42.000",
"1182.5","40.000",
"1183.0","42.000",
"1183.5","40.000",
"1184.0","41.000",
"1184.5","41.000",
"1185.0","42.000",
"1185.5","41.000",
"1186.0","40.000",
"1186.5","40.000",
"1187.0","41.000",
"1187.5","39.000",
"1188.0","42.000",
"1188.5","41.000",
"1189.0","40.000",
"1189.5","45.000",
"1190.0","42.000",
"1190.5","40.000",
"1191.0","44.000",
"1191.5","41.000",
"1192.0","45.000",
"1192.5","41.000",
"1193.0","44.000",
"1193.5","42.000",
"1194.0","43.000",
"1194.5","45.000",
"1195.0","42.000",
"1195.5","44.000",
"1196.5","41.000",
"1197.0","42.000",
"1197.5","40.000",
"1198.0","40.000",
"1198.5","41.000",
"1199.0","41.000",
"1199.5","42.000",
"1200.0","41.000",
"1200.5","41.000",
"1201.0","43.000",
"1201.5","41.000",
"1202.0","45.000",
"1202.5","42.000",
"1203.0","42.000",
"1203.5","41.000",
"1204.0","41.000",
"1204.5","40.000",
"1205.0","41.000",
"1205.5","41.000",
"1206.0","41.000",
"1207.0","40.000",
"1207.5","40.000",
"1208.0","40.000",
"1208.5","41.000",
"1209.0","40.000",
"1209.5","41.000",
"1210.0","40.000",
"1210.5","39.000",
"1211.0","40.000",
"1211.5","40.000",
"1212.0","41.000",
"1212.5","41.000",
"1213.0","42.000",
"1213.5","44.000",
"1214.0","44.000",
"1214.5","45.000",
"1215.0","42.000",
"1215.5","41.000",
"1216.0","41.000",
"1216.5","40.000",
"1217.0","40.000",
"1217.5","40.000",
"1218.0","41.000",
"1218.5","41.000",
"1219.0","44.000",
"1219.5","41.000",
"1220.0","43.000",
"1220.5","43.000",
"1221.0","42.000",
"1221.5","43.000",
"1222.5","42.000",
"1223.0","41.000",
"1223.5","41.000",
"1224.0","42.000",
"1224.5","41.000",
"1225.0","42.000",
"1225.5","43.000",
"1226.0","41.000",
"1226.5","41.000",
"1227.0","42.000",
"1227.5","42.000",
"1228.0","40.000",
"1228.5","42.000",
"1229.0","42.000",
"1229.5","45.000",
"1230.0","42.000",
"1230.5","41.000",
"1231.0","42.000",
"1231.5","45.000",
"1232.0","43.000",
"1232.5","42.000",
"1233.0","48.000",
"1233.5","48.000",
"1234.0","43.000",
"1234.5","46.000",
"1235.0","43.000",
"1235.5","44.000",
"1236.0","43.000",
"1236.5","43.000",
"1237.0","46.000",
"1238.0","46.000",
"1238.5","44.000",
"1239.0","43.000",
"1239.5","43.000",
"1240.0","46.000",
"1240.5","44.000",
"1241.0","44.000",
"1241.5","44.000",
"1242.0","45.000",
"1242.5","46.000",
"1243.0","44.000",
"1243.5","45.000",
"1244.0","44.000",
"1244.5","44.000",
"1245.0","43.000",
"1245.5","43.000",
"1246.0","50.000",
"1246.5","48.000",
"1247.0","50.000",
"1247.5","44.000",
"1248.0","45.000",
"1248.5","44.000",
"1249.0","49.000",
"1249.5","46.000",
"1250.0","45.000",
"1250.5","43.000",
"1251.0","44.000",
"1251.5","45.000",
"1252.0","44.000",
"1252.5","46.000",
"1253.0","45.000",
"1253.5","46.000",
"1254.0","46.000",
"1254.5","44.000",
"1255.0","45.000",
"1255.5","45.000",
"1256.0","46.000",
"1256.5","48.000",
"1257.0","45.000",
"1257.5","44.000",
"1258.5","44.000",
"1259.0","47.000",
"1259.5","45.000",
"1260.0","45.000",
"1260.5","44.000",
"1261.0","46.000",
"1261.5","46.000",
"1262.0","47.000",
"1262.5","45.000",
"1263.0","50.000",
"1263.5","47.000",
"1264.0","47.000",
"1264.5","45.000",
"1265.0","47.000",
"1265.5","44.000",
"1266.0","50.000",
"1266.5","49.000",
"1267.0","47.000",
"1267.5","50.000",
"1268.0","44.000",
"1268.5","43.000",
"1269.0","45.000",
"1270.0","45.000",
"1270.5","48.000",
"1271.0","44.000",
"1271.5","45.000",
"1272.0","50.000",
"1272.5","47.000",
"1273.0","49.000",
"1273.5","50.000",
"1274.0","47.000",
"1274.5","45.000",
"1275.0","45.000",
"1275.5","44.000",
"1276.0","44.000",
"1276.5","44.000",
"1277.0","49.000",
"1277.5","45.000",
"1278.0","43.000",
"1278.5","44.000",
"1279.0","44.000",
"1279.5","44.000",
"1280.0","44.000",
"1280.5","42.000",
"1281.0","42.000",
"1281.5","44.000",
"1282.0","44.000",
"1282.5","43.000",
"1283.0","42.000",
"1283.5","43.000",
"1284.0","43.000",
"1284.5","42.000",
"1285.0","43.000",
"1285.5","42.000",
"1286.0","44.000",
"1286.5","42.000",
"1287.0","42.000",
"1287.5","43.000",
"1288.0","43.000",
"1288.5","44.000",
"1289.0","43.000",
"1289.5","42.000",
"1290.5","43.000",
"1291.0","44.000",
"1291.5","43.000",
"1292.0","43.000",
"1292.5","44.000",
"1293.0","42.000",
"1293.5","42.000",
"1294.0","42.000",
"1294.5","43.000",
"1295.0","43.000",
"1295.5","42.000",
"1296.0","42.000",
"1296.5","42.000",
"1297.0","42.000",
"1297.5","43.000",
"1298.0","43.000",
"1298.5","41.000",
"1299.0","43.000",
"1299.5","42.000",
"1300.0","41.000",
"1300.5","44.000",
"1301.0","42.000",
"1301.5","42.000",
"1302.0","42.000",
"1302.5","42.000",
"1303.0","43.000",
"1303.5","43.000",
"1304.0","42.000",
"1304.5","42.000",
"1305.0","43.000",
"1305.5","43.000",
"1306.0","42.000",
"1306.5","42.000",
"1307.0","41.000",
"1307.5","42.000",
"1308.0","42.000",
"1308.5","41.000",
"1309.0","41.000",
"1309.5","41.000",
"1310.0","40.000",
"1310.5","42.000",
"1311.0","43.000",
"1311.5","43.000",
"1312.0","42.000",
"1312.5","42.000",
"1313.0","41.000",
"1313.5","42.000",
"1314.0","43.000",
"1314.5","43.000",
"1315.0","43.000",
"1315.5","42.000",
"1316.0","43.000",
"1316.5","43.000",
"1317.0","42.000",
"1317.5","43.000",
"1318.0","44.000",
"1318.5","42.000",
"1319.0","43.000",
"1319.5","42.000",
"1320.0","43.000",
"1320.5","43.000",
"1321.0","41.000",
"1321.5","43.000",
"1322.0","42.000",
"1322.5","43.000",
"1323.0","42.000",
"1323.5","42.000",
"1324.0","42.000",
"1324.5","42.000",
"1325.0","42.000",
"1325.5","42.000",
"1326.0","44.000",
"1326.5","43.000",
"1327.0","41.000",
"1327.5","43.000",
"1328.0","42.000",
"1328.5","43.000",
"1329.0","42.000",
"1329.5","42.000",
"1330.0","42.000",
"1330.5","43.000",
"1331.5","42.000",
"1332.0","41.000",
"1332.5","41.000",
"1333.0","41.000",
"1333.5","41.000",
"1334.0","42.000",
"1334.5","41.000",
"1335.0","42.000",
"1335.5","42.000",
"1336.0","40.000",
"1336.5","43.000",
"1337.0","41.000",
"1337.5","40.000",
"1338.0","40.000",
"1338.5","41.000",
"1339.0","42.000",
"1339.5","41.000",
"1340.0","43.000",
"1340.5","40.000",
"1341.0","41.000",
"1341.5","41.000",
"1342.0","42.000",
"1342.5","40.000",
"1343.0","40.000",
"1343.5","40.000",
"1344.0","41.000",
"1344.5","40.000",
"1345.0","42.000",
"1345.5","43.000",
"1346.0","42.000",
"1346.5","42.000",
"1347.0","42.000",
"1347.5","41.000",
"1348.0","42.000",
"1348.5","42.000",
"1349.0","43.000",
"1349.5","42.000",
"1350.0","42.000",
"1350.5","41.000",
"1351.0","41.000",
"1351.5","41.000",
"1352.0","41.000",
"1352.5","40.000",
"1353.0","42.000",
"1353.5","41.000",
"1354.0","42.000",
"1354.5","41.000",
"1355.0","42.000",
"1355.5","43.000",
"1356.0","40.000",
"1356.5","42.000",
"1357.0","41.000",
"1357.5","42.000",
"1358.0","41.000",
"1358.5","40.000",
"1359.0","41.000",
"1359.5","40.000",
"1360.0","41.000",
"1360.5","40.000",
"1361.0","40.000",
"1361.5","40.000",
"1362.0","41.000",
"1362.5","42.000",
"1363.0","41.000",
"1363.5","41.000",
"1364.0","41.000",
"1364.5","40.000",
"1365.0","40.000",
"1365.5","42.000",
"1366.0","40.000",
"1366.5","42.000",
"1367.0","40.000",
"1367.5","41.000",
"1368.0","41.000",
"1368.5","41.000",
"1369.0","42.000",
"1369.5","41.000",
"1370.0","41.000",
"1370.5","40.000",
"1371.0","40.000",
"1371.5","40.000",
"1372.0","41.000",
"1372.5","40.000",
"1373.0","41.000",
"1373.5","40.000",
"1374.0","40.000",
"1374.5","46.000",
"1375.0","40.000",
"1375.5","39.000",
"1376.0","40.000",
"1376.5","40.000",
"1377.0","40.000",
"1377.5","41.000",
"1378.0","40.000",
"1378.5","40.000",
"1379.0","41.000",
"1379.5","40.000",
"1380.0","39.000",
"1380.5","40.000",
"1381.0","40.000",
"1381.5","39.000",
"1382.0","41.000",
"1382.5","40.000",
"1383.0","41.000",
"1383.5","40.000",
"1384.0","41.000",
"1384.5","40.000",
"1385.0","39.000",
"1385.5","40.000",
"1386.0","40.000",
"1386.5","40.000",
"1387.0","41.000",
"1387.5","40.000",
"1388.0","40.000",
"1388.5","39.000",
"1389.0","41.000",
"1389.5","46.000",
"1390.0","46.000",
"1390.5","43.000",
"1391.0","47.000",
"1391.5","48.000",
"1392.0","47.000",
"1393.0","45.000",
"1393.5","43.000",
"1394.0","43.000",
"1394.5","41.000",
"1395.0","41.000",
"1395.5","40.000",
"1396.0","41.000",
"1396.5","40.000",
"1397.0","40.000",
"1397.5","41.000",
"1398.0","41.000",
"1398.5","40.000",
"1399.0","40.000",
"1399.5","40.000",
"1400.0","40.000",
"1400.5","40.000",
"1401.0","45.000",
"1401.5","40.000",
"1402.0","42.000",
"1402.5","40.000",
"1403.0","41.000",
"1403.5","40.000",
"1404.0","40.000",
"1404.5","40.000",
"1405.0","39.000",
"1405.5","40.000",
"1406.0","41.000",
"1406.5","41.000",
"1407.0","40.000",
"1407.5","40.000",
"1408.0","39.000",
"1408.5","39.000",
"1409.0","40.000",
"1409.5","38.000",
"1410.0","39.000",
"1410.5","38.000",
"1411.0","40.000",
"1411.5","39.000",
"1412.0","40.000",
"1412.5","40.000",
"1413.0","41.000",
"1413.5","40.000",
"1414.0","39.000",
"1414.5","39.000",
"1415.0","39.000",
"1415.5","40.000",
"1416.0","40.000",
"1416.5","40.000",
"1417.0","39.000",
"1417.5","39.000",
"1418.0","40.000",
"1418.5","39.000",
"1419.0","40.000",
"1419.5","40.000",
"1420.0","40.000",
"1420.5","39.000",
"1421.0","39.000",
"1421.5","39.000",
"1422.0","40.000",
"1422.5","40.000",
"1423.0","39.000",
"1424.0","39.000",
"1424.5","39.000",
"1425.0","40.000",
"1425.5","40.000",
"1426.0","45.000",
"1426.5","39.000",
"1427.0","39.000",
"1427.5","40.000",
"1428.0","39.000",
"1428.5","39.000",
"1429.0","39.000",
"1429.5","39.000",
"1430.0","39.000",
"1430.5","39.000",
"1431.0","39.000",
"1431.5","38.000",
"1432.0","38.000",
"1432.5","38.000",
"1433.0","39.000",
"1433.5","38.000",
"1434.0","42.000",
"1434.5","40.000",
"1435.0","39.000",
"1435.5","39.000",
"1436.0","39.000",
"1436.5","39.000",
"1437.0","39.000",
"1437.5","39.000",
"1438.0","38.000",
"1438.5","39.000",
"1439.0","40.000",
"1440.0","40.000",
"1440.5","39.000",
"1441.0","40.000",
"1441.5","40.000",
"1442.0","39.000",
"1442.5","39.000",
"1443.0","39.000",
"1443.5","38.000",
"1444.0","38.000",
"1444.5","39.000",
"1445.0","39.000",
"1445.5","39.000",
"1446.0","39.000",
"1446.5","40.000",
"1447.0","40.000",
"1447.5","38.000",
"1448.0","38.000",
"1448.5","39.000",
"1449.0","39.000",
"1449.5","38.000",
"1450.0","39.000",
"1450.5","38.000",
"1451.0","39.000",
"1451.5","39.000",
"1452.0","39.000",
"1452.5","39.000",
"1453.0","40.000",
"1453.5","38.000",
"1454.0","39.000",
"1454.5","38.000",
"1455.0","38.000",
"1455.5","39.000",
"1456.0","38.000",
"1456.5","38.000",
"1457.0","38.000",
"1457.5","37.000",
"1458.0","38.000",
"1458.5","39.000",
"1459.0","38.000",
"1459.5","38.000",
"1460.0","38.000",
"1460.5","37.000",
"1461.0","38.000",
"1461.5","38.000",
"1462.0","38.000",
"1462.5","37.000",
"1463.0","38.000",
"1463.5","37.000",
"1464.0","38.000",
"1464.5","37.000",
"1465.0","38.000",
"1465.5","38.000",
"1466.5","38.000",
"1467.0","38.000",
"1467.5","38.000",
"1468.0","38.000",
"1468.5","37.000",
"1469.0","38.000",
"1469.5","37.000",
"1470.0","39.000",
"1470.5","37.000",
"1471.0","38.000",
"1471.5","37.000",
"1472.0","39.000",
"1472.5","37.000",
"1473.0","38.000",
"1473.5","39.000",
"1474.0","38.000",
"1474.5","38.000",
"1475.0","38.000",
"1475.5","37.000",
"1476.0","38.000",
"1476.5","38.000",
"1477.0","38.000",
"1477.5","38.000",
"1478.0","37.000",
"1478.5","38.000",
"1479.0","37.000",
"1479.5","38.000",
"1480.0","38.000",
"1480.5","38.000",
"1481.0","38.000",
"1481.5","37.000",
"1482.0","37.000",
"1482.5","38.000",
"1483.0","41.000",
"1483.5","38.000",
"1484.0","38.000",
"1484.5","37.000",
"1485.0","38.000",
"1485.5","38.000",
"1486.0","38.000",
"1486.5","38.000",
"1487.0","37.000",
"1487.5","37.000",
"1488.0","39.000",
"1488.5","38.000",
"1489.0","39.000",
"1489.5","40.000",
"1490.0","40.000",
"1490.5","37.000",
"1491.0","39.000",
"1491.5","39.000",
"1492.0","37.000",
"1492.5","37.000",
"1493.0","39.000",
"1493.5","41.000",
"1494.0","37.000",
"1494.5","37.000",
"1495.0","42.000",
"1495.5","37.000",
"1496.0","38.000",
"1496.5","37.000",
"1497.0","37.000",
"1497.5","37.000",
"1498.0","37.000",
"1498.5","37.000",
"1499.0","37.000",
"1499.5","37.000",
"1500.0","36.000",
"1500.5","37.000",
"1501.0","39.000",
"1501.5","38.000",
"1502.0","38.000",
"1502.5","37.000",
"1503.0","37.000",
"1503.5","37.000",
"1504.0","37.000",
"1504.5","37.000",
"1505.0","37.000",
"1505.5","37.000",
"1506.0","36.000",
"1506.5","37.000",
"1507.0","38.000",
"1508.0","37.000",
"1508.5","38.000",
"1509.0","37.000",
"1509.5","37.000",
"1510.0","37.000",
"1510.5","38.000",
"1511.0","38.000",
"1511.5","38.000",
"1512.0","36.000",
"1512.5","37.000",
"1513.0","37.000",
"1513.5","37.000",
"1514.0","36.000",
"1514.5","37.000",
"1515.0","38.000",
"1515.5","37.000",
"1516.0","38.000",
"1516.5","36.000",
"1517.0","38.000",
"1517.5","37.000",
"1518.0","37.000",
"1518.5","38.000",
"1519.0","36.000",
"1519.5","37.000",
"1520.0","36.000",
"1520.5","37.000",
"1521.0","37.000",
"1521.5","37.000",
"1522.0","37.000",
"1522.5","37.000",
"1523.0","37.000",
"1523.5","38.000",
"1524.0","38.000",
"1524.5","36.000",
"1525.0","37.000",
"1525.5","38.000",
"1526.0","37.000",
"1526.5","37.000",
"1527.0","36.000",
"1527.5","37.000",
"1528.0","37.000",
"1528.5","37.000",
"1529.0","37.000",
"1529.5","38.000",
"1530.0","37.000",
"1530.5","37.000",
"1531.0","37.000",
"1531.5","37.000",
"1532.0","36.000",
"1532.5","37.000",
"1533.0","37.000",
"1533.5","37.000",
"1534.0","39.000",
"1534.5","37.000",
"1535.0","38.000",
"1535.5","41.000",
"1536.0","38.000",
"1536.5","38.000",
"1537.0","37.000",
"1537.5","37.000",
"1538.0","37.000",
"1538.5","37.000",
"1539.0","37.000",
"1539.5","37.000",
"1540.0","37.000",
"1540.5","36.000",
"1541.0","38.000",
"1541.5","38.000",
"1542.0","36.000",
"1542.5","37.000",
"1543.0","37.000",
"1543.5","37.000",
"1544.0","36.000",
"1544.5","37.000",
"1545.0","37.000",
"1545.5","36.000",
"1546.0","35.000",
"1546.5","36.000",
"1547.0","36.000",
"1547.5","36.000",
"1548.0","37.000",
"1548.5","37.000",
"1549.0","36.000",
"1549.5","41.000",
"1550.0","39.000",
"1550.5","37.000",
"1551.0","38.000",
"1551.5","38.000",
"1552.0","38.000",
"1552.5","37.000",
"1553.0","37.000",
"1553.5","37.000",
"1554.0","38.000",
"1554.5","37.000",
"1555.0","37.000",
"1555.5","36.000",
"1556.0","37.000",
"1556.5","37.000",
"1557.0","38.000",
"1557.5","38.000",
"1558.0","38.000",
"1558.5","37.000",
"1559.0","38.000",
"1559.5","37.000",
"1560.0","36.000",
"1560.5","37.000",
"1561.0","36.000",
"1561.5","36.000",
"1562.0","37.000",
"1562.5","37.000",
"1563.0","36.000",
"1563.5","37.000",
"1564.0","36.000",
"1564.5","37.000",
"1565.0","37.000",
"1565.5","36.000",
"1566.0","36.000",
"1566.5","36.000",
"1567.0","36.000",
"1567.5","37.000",
"1568.0","37.000",
"1568.5","36.000",
"1569.0","36.000",
"1569.5","36.000",
"1570.0","36.000",
"1570.5","36.000",
"1571.0","35.000",
"1571.5","38.000",
"1572.0","37.000",
"1572.5","37.000",
"1573.0","37.000",
"1573.5","36.000",
"1574.0","36.000",
"1574.5","36.000",
"1575.0","36.000",
"1575.5","36.000",
"1576.0","37.000",
"1576.5","37.000",
"1577.0","36.000",
"1577.5","38.000",
"1578.0","37.000",
"1578.5","36.000",
"1579.0","39.000",
"1579.5","38.000",
"1580.0","37.000",
"1580.5","37.000",
"1581.0","37.000",
"1581.5","36.000",
"1582.0","37.000",
"1582.5","37.000",
"1583.0","36.000",
"1583.5","36.000",
"1584.0","37.000",
"1584.5","37.000",
"1585.0","35.000",
"1585.5","36.000",
"1586.0","35.000",
"1586.5","36.000",
"1587.0","37.000",
"1587.5","36.000",
"1588.0","37.000",
"1588.5","37.000",
"1589.0","37.000",
"1589.5","36.000",
"1590.0","36.000",
"1590.5","36.000",
"1591.0","36.000",
"1591.5","36.000",
"1592.0","36.000",
"1592.5","36.000",
"1593.0","36.000",
"1593.5","36.000",
"1594.0","36.000",
"1594.5","36.000",
"1595.0","36.000",
"1595.5","36.000",
"1596.0","35.000",
"1596.5","35.000",
"1597.0","36.000",
"1597.5","36.000",
"1598.0","36.000",
"1598.5","36.000",
"1599.0","36.000",
"1599.5","36.000",
"1600.0","36.000",
"1600.5","36.000",
"1601.0","35.000",
"1601.5","35.000",
"1602.0","36.000",
"1602.5","36.000",
"1603.0","36.000",
"1603.5","36.000",
"1604.0","36.000",
"1604.5","36.000",
"1605.0","35.000",
"1605.5","37.000",
"1606.0","37.000",
"1606.5","36.000",
"1607.0","35.000",
"1607.5","36.000",
"1608.0","37.000",
"1608.5","36.000",
"1609.0","35.000",
"1609.5","35.000",
"1610.0","37.000",
"1610.5","36.000",
"1611.0","36.000",
"1611.5","36.000",
"1612.0","36.000",
"1612.5","35.000",
"1613.0","36.000",
"1613.5","37.000",
"1614.0","36.000",
"1614.5","37.000",
"1615.0","36.000",
"1615.5","36.000",
"1616.0","35.000",
"1616.5","35.000",
"1617.0","37.000",
"1617.5","36.000",
"1618.0","36.000",
"1618.5","37.000",
"1619.0","37.000",
"1619.5","37.000",
"1620.0","36.000",
"1620.5","36.000",
"1621.0","37.000",
"1621.5","37.000",
"1622.0","36.000",
"1622.5","36.000",
"1623.0","36.000",
"1623.5","36.000",
"1624.0","36.000",
"1624.5","37.000",
"1625.0","36.000",
"1625.5","35.000",
"1626.0","37.000",
"1626.5","36.000",
"1627.0","36.000",
"1627.5","35.000",
"1628.0","37.000",
"1628.5","36.000",
"1629.0","37.000",
"1629.5","35.000",
"1630.0","36.000",
"1630.5","36.000",
"1631.0","36.000",
"1631.5","36.000",
"1632.0","35.000",
"1632.5","35.000",
"1633.0","35.000",
"1633.5","35.000",
"1634.0","35.000",
"1634.5","35.000",
"1635.0","35.000",
"1635.5","35.000",
"1636.0","36.000",
"1636.5","37.000",
"1637.0","35.000",
"1637.5","36.000",
"1638.0","35.000",
"1638.5","36.000",
"1639.0","36.000",
"1639.5","36.000",
"1640.0","35.000",
"1640.5","35.000",
"1641.0","36.000",
"1641.5","36.000",
"1642.0","36.000",
"1642.5","36.000",
"1643.0","35.000",
"1643.5","36.000",
"1644.0","36.000",
"1644.5","36.000",
"1645.0","35.000",
"1645.5","37.000",
"1646.0","37.000",
"1646.5","34.000",
"1647.0","35.000",
"1648.0","35.000",
"1648.5","36.000",
"1649.0","35.000",
"1649.5","35.000",
"1650.0","35.000",
"1650.5","35.000",
"1651.0","35.000",
"1651.5","35.000",
"1652.0","36.000",
"1652.5","36.000",
"1653.0","36.000",
"1653.5","36.000",
"1654.0","36.000",
"1654.5","35.000",
"1655.0","35.000",
"1655.5","35.000",
"1656.0","35.000",
"1656.5","35.000",
"1657.0","35.000",
"1657.5","35.000",
"1658.0","36.000",
"1658.5","35.000",
"1659.0","37.000",
"1659.5","36.000",
"1660.0","36.000",
"1660.5","35.000",
"1661.0","36.000",
"1661.5","37.000",
"1662.0","36.000",
"1662.5","36.000",
"1663.0","35.000",
"1663.5","35.000",
"1664.0","36.000",
"1664.5","36.000",
"1665.0","36.000",
"1665.5","35.000",
"1666.0","35.000",
"1666.5","36.000",
"1667.0","35.000",
"1667.5","35.000",
"1668.0","34.000",
"1668.5","36.000",
"1669.0","35.000",
"1669.5","36.000",
"1670.0","36.000",
"1670.5","35.000",
"1671.0","37.000",
"1671.5","39.000",
"1672.0","36.000",
"1672.5","36.000",
"1673.0","35.000",
"1673.5","35.000",
"1674.0","36.000",
"1674.5","35.000",
"1675.0","36.000",
"1675.5","35.000",
"1676.0","36.000",
"1676.5","36.000",
"1677.0","36.000",
"1677.5","35.000",
"1678.0","36.000",
"1678.5","35.000",
"1679.0","35.000",
"1679.5","35.000",
"1680.0","35.000",
"1680.5","36.000",
"1681.0","35.000",
"1681.5","41.000",
"1682.0","37.000",
"1682.5","36.000",
"1683.0","35.000",
"1683.5","35.000",
"1684.0","36.000",
"1684.5","35.000",
"1685.0","36.000",
"1685.5","36.000",
"1686.0","36.000",
"1686.5","37.000",
"1687.0","37.000",
"1687.5","38.000",
"1688.0","39.000",
"1688.5","42.000",
"1689.0","41.000",
"1689.5","43.000",
"1690.0","42.000",
"1690.5","41.000",
"1691.0","44.000",
"1691.5","44.000",
"1692.0","45.000",
"1692.5","41.000",
"1693.0","44.000",
"1693.5","44.000",
"1694.0","44.000",
"1694.5","44.000",
"1695.0","44.000",
"1695.5","45.000",
"1696.0","45.000",
"1696.5","45.000",
"1697.0","45.000",
"1697.5","46.000",
"1698.0","45.000",
"1698.5","45.000",
"1699.0","43.000",
"1699.5","43.000",
"1700.0","42.000",
"1700.5","46.000",
"1701.0","47.000",
"1701.5","47.000",
"1702.0","46.000",
"1702.5","39.000",
"1703.0","44.000",
"1703.5","39.000",
"1704.5","39.000",
"1705.0","38.000",
"1705.5","38.000",
"1706.0","38.000",
"1706.5","37.000",
"1707.0","37.000",
"1707.5","37.000",
"1708.0","38.000",
"1708.5","36.000",
"1709.0","37.000",
"1709.5","36.000",
"1710.0","37.000",
"1710.5","37.000",
"1711.0","36.000",
"1711.5","37.000",
"1712.0","36.000",
"1712.5","36.000",
"1713.0","36.000",
"1713.5","37.000",
"1714.0","37.000",
"1714.5","36.000",
"1715.0","36.000",
"1715.5","37.000",
"1716.0","36.000",
"1716.5","36.000",
"1717.0","36.000",
"1717.5","36.000",
"1718.0","37.000",
"1718.5","35.000",
"1719.0","35.000",
"1719.5","35.000",
"1720.0","36.000",
"1720.5","36.000",
"1721.0","37.000",
"1721.5","37.000",
"1722.0","36.000",
"1722.5","37.000",
"1723.0","36.000",
"1723.5","37.000",
"1724.0","37.000",
"1724.5","37.000",
"1725.0","35.000",
"1725.5","34.000",
"1726.0","35.000",
"1726.5","36.000",
"1727.0","36.000",
"1727.5","36.000",
"1728.0","37.000",
"1728.5","35.000",
"1729.0","35.000",
"1729.5","36.000",
"1730.0","37.000",
"1730.5","36.000",
"1731.0","36.000",
"1731.5","37.000",
"1732.0","36.000",
"1732.5","37.000",
"1733.0","37.000",
"1733.5","36.000",
"1734.0","36.000",
"1734.5","35.000",
"1735.0","36.000",
"1735.5","36.000",
"1736.0","36.000",
"1736.5","35.000",
"1737.0","35.000",
"1737.5","35.000",
"1738.0","35.000",
"1738.5","35.000",
"1739.0","36.000",
"1739.5","35.000",
"1740.0","36.000",
"1740.5","36.000",
"1741.0","36.000",
"1741.5","37.000",
"1742.0","35.000",
"1742.5","35.000",
"1743.0","34.000",
"1743.5","36.000",
"1744.0","36.000",
"1744.5","36.000",
"1745.5","34.000",
"1746.0","34.000",
"1746.5","35.000",
"1747.0","34.000",
"1747.5","37.000",
"1748.0","35.000",
"1748.5","36.000",
"1749.0","36.000",
"1749.5","35.000",
"1750.0","35.000",
"1750.5","34.000",
"1751.0","35.000",
"1751.5","35.000",
"1752.0","35.000",
"1752.5","36.000",
"1753.0","35.000",
"1753.5","34.000",
"1754.0","34.000",
"1754.5","35.000",
"1755.0","35.000",
"1755.5","35.000",
"1756.0","35.000",
"1756.5","36.000",
"1757.0","36.000",
"1757.5","35.000",
"1758.0","34.000",
"1758.5","34.000",
"1759.0","35.000",
"1759.5","36.000",
"1760.0","35.000",
"1761.0","34.000",
"1761.5","35.000",
"1762.0","35.000",
"1762.5","34.000",
"1763.0","34.000",
"1763.5","36.000",
"1764.0","35.000",
"1764.5","34.000",
"1765.0","35.000",
"1765.5","34.000",
"1766.0","35.000",
"1766.5","37.000",
"1767.0","40.000",
"1767.5","38.000",
"1768.0","36.000",
"1768.5","39.000",
"1769.0","43.000",
"1769.5","41.000",
"1770.0","40.000",
"1770.5","38.000",
"1771.0","36.000",
"1771.5","37.000",
"1772.0","36.000",
"1772.5","35.000",
"1773.0","37.000",
"1773.5","36.000",
"1774.0","36.000",
"1774.5","35.000",
"1775.0","36.000",
"1775.5","34.000",
"1776.0","34.000",
"1776.5","35.000",
"1777.0","35.000",
